"","StationaryDistributionINF","StationaryDistributionPER","GOP","Importance","Membership","QuantileDR.10","QuantileDR.25","QuantileDR.35","QuantileDR.45","QuantileDR.50","QuantileDR.65","QuantileDR.75","QuantileDR.85","QuantileDR.95","TICKS","QQQ"
"^AXJO",0.009,0.016,0.022,1.001,1,-0.006,-0.003,-0.002,-0.001,0,0.002,0.004,0.005,0.008,"^AXJO","S&P/ASX 200"
"^AORD",0.009,0.016,0.021,1.001,1,-0.005,-0.003,-0.002,-0.001,0,0.001,0.004,0.005,0.008,"^AORD","ALL ORDINARIES"
"^GSPTSE",0.006,0.012,0.021,1.031,2,-0.005,-0.003,-0.001,-0.001,0.001,0.002,0.003,0.005,0.006,"^GSPTSE","S&P/TSX Composite index"
"^SPEUP",0.008,0.016,0.031,1.011,2,-0.009,-0.003,-0.002,0,0.001,0.003,0.004,0.005,0.008,"^SPEUP","S&P EUROPE 350"
"^XAX",0.007,0.015,0.025,0.988,2,-0.009,-0.006,-0.003,-0.002,-0.001,0.003,0.005,0.009,0.013,"^XAX","NYSE AMEX COMPOSITE INDEX"
"^N225",0.006,0.018,0.022,1.018,2,-0.01,-0.005,-0.001,0,0.001,0.004,0.005,0.008,0.012,"^N225","-"
"^HSI",0.004,0.019,0.017,1.004,2,-0.015,-0.009,-0.005,-0.002,0,0.003,0.006,0.009,0.015,"^HSI","-"
"^STI",0.005,0.019,0.02,0.85,2,-0.011,-0.005,-0.004,-0.001,-0.001,0.001,0.004,0.006,0.012,"^STI","-"
"^JKSE",0.005,0.017,0.019,1.033,2,-0.012,-0.005,-0.002,-0.001,0,0.003,0.006,0.009,0.016,"^JKSE","Jakarta Composite Index"
"^KLSE",0.005,0.018,0.02,0.929,2,-0.01,-0.003,-0.001,0,0,0.002,0.004,0.006,0.01,"^KLSE","FTSE Bursa Malaysia KLCI"
"^NZ50",0.006,0.012,0.023,1.071,2,-0.006,-0.003,-0.001,0,0,0.002,0.004,0.006,0.01,"^NZ50","S&P/NZX 50 INDEX GROSS"
"^KS11",0.005,0.018,0.019,0.973,2,-0.011,-0.004,-0.002,-0.001,0,0.003,0.005,0.007,0.008,"^KS11","-"
"^TWII",0.005,0.014,0.02,1.024,2,-0.01,-0.004,-0.003,-0.001,0,0.002,0.005,0.008,0.012,"^TWII","-"
"^BVSP",0.005,0.019,0.018,1.003,2,-0.02,-0.009,-0.006,-0.002,0,0.006,0.011,0.016,0.02,"^BVSP","IBOVESPA"
"^MXX",0.005,0.015,0.019,1.075,2,-0.008,-0.005,-0.003,-0.001,0.001,0.004,0.006,0.008,0.011,"^MXX","-"
"^IPSA",0.004,0.018,0.017,1.004,2,-0.007,-0.005,-0.003,-0.002,-0.002,0.002,0.003,0.005,0.01,"^IPSA","IPSA SANTIAGO DE CHILE"
"^MERV",0.005,0.019,0.02,1.068,2,-0.031,-0.016,-0.009,-0.004,-0.001,0.008,0.018,0.03,0.045,"^MERV","MERVAL BUENOS AIRES"
"^SSEC",0.005,0.018,0.016,1.018,2,-0.007,-0.003,-0.002,0,0.001,0.002,0.003,0.006,0.009,"^SSEC","-"
"^XAU",0.005,0.021,0.018,0.973,2,-0.02,-0.008,-0.005,-0.002,-0.001,0.002,0.006,0.01,0.022,"^XAU","PHLX GOLD AND SILVER SECTOR IND"
"^DJU",0.006,0.018,0.023,1.06,2,-0.009,-0.005,-0.002,0,0.001,0.004,0.006,0.009,0.012,"^DJU","Dow Jones Utility Average"
"^KFX",0.006,0.017,0.024,1.017,2,-0.009,-0.005,-0.003,-0.001,0,0.003,0.005,0.008,0.011,"^KFX","-"
"^XU100",0.005,0.019,0.02,0.989,2,-0.023,-0.008,-0.003,0,0.002,0.005,0.008,0.015,0.021,"^XU100","-"
"^DJAT",0.006,0.018,0.024,0.594,2,-0.011,-0.006,-0.003,-0.001,-0.001,0.002,0.005,0.007,0.011,"^DJAT","Dow Jones Asian Titans 50 Index"
"000001.SS",0.005,0.02,0.02,1.002,2,-0.014,-0.007,-0.005,-0.003,-0.002,0.002,0.005,0.011,0.02,"000001.SS","SSE Composite Index"
"^BUX",0.005,0.018,0.019,0.566,2,-0.015,-0.007,-0.005,-0.002,-0.001,0.004,0.008,0.012,0.019,"^BUX","-"
"MOEX.ME",0.005,0.02,0.018,0.393,2,-0.017,-0.008,-0.006,-0.004,-0.003,0.001,0.005,0.013,0.02,"MOEX.ME","-"
"SDJ600.MI",0.003,0.011,0.01,1.042,2,-0.003,0,0,0,0,0,0,0.005,0.009,"SDJ600.MI","-"
"^BANK",0.009,0.015,0.026,1.021,3,-0.01,-0.006,-0.004,-0.003,-0.002,0.001,0.006,0.009,0.014,"^BANK","NASDAQ Bank"
"^BKX",0.008,0.018,0.026,0.997,3,-0.011,-0.006,-0.003,-0.001,0,0.002,0.004,0.007,0.018,"^BKX","KBW Nasdaq Bank Index"
"^GSPC",0.08,0.014,0.174,1.058,3,-0.006,-0.003,-0.001,0,0.001,0.002,0.004,0.006,0.009,"^GSPC","S&P 500"
"^DJI",0.041,0.015,0.094,1.053,3,-0.007,-0.003,-0.002,0,0.001,0.003,0.004,0.006,0.01,"^DJI","Dow Jones Industrial Average"
"^IXIC",0.038,0.014,0.094,1.071,3,-0.009,-0.003,-0.001,0,0.001,0.004,0.006,0.008,0.011,"^IXIC","NASDAQ Composite"
"^NYA",0.04,0.014,0.102,0.983,3,-0.006,-0.002,-0.001,0,0,0.002,0.003,0.005,0.008,"^NYA","NYSE COMPOSITE (DJ)"
"^RUT",0.018,0.01,0.047,1.063,3,-0.01,-0.004,-0.001,0,0.001,0.003,0.005,0.007,0.01,"^RUT","RUSSELL 2000 INDEX"
"^RUA",0.022,0.013,0.06,1.058,3,-0.004,-0.002,-0.002,0,0,0.002,0.003,0.006,0.008,"^RUA","RUSSELL 3000 INDEX"
"^RUI",0.079,0.014,0.171,1.058,3,-0.007,-0.002,-0.001,0,0.001,0.003,0.004,0.006,0.009,"^RUI","RUSSELL 1000 INDEX"
"^XMI",0.033,0.014,0.077,1.052,3,-0.007,-0.003,-0.002,0,0,0.003,0.004,0.007,0.01,"^XMI","NYSE ARCA MAJOR MARKET INDEX"
"^OEX",0.062,0.015,0.139,1.065,3,-0.006,-0.003,-0.001,0,0.001,0.003,0.004,0.006,0.009,"^OEX","S&P 100 INDEX"
"^MID",0.022,0.013,0.058,1.032,3,-0.008,-0.003,-0.002,0,0.001,0.003,0.004,0.005,0.009,"^MID","S&P MID CAP 400 INDEX"
"^NBI",0.011,0.016,0.036,1.1,3,-0.011,-0.005,-0.002,0,0.001,0.005,0.008,0.011,0.015,"^NBI","NASDAQ Biotechnology"
"^NWX",0.012,0.014,0.04,1.055,3,-0.011,-0.004,-0.002,0,0.002,0.005,0.006,0.008,0.011,"^NWX","NYSE ARCA NETWORKING INDEX"
"^PSE",0.046,0.014,0.118,1.061,3,-0.009,-0.004,-0.001,0,0.001,0.004,0.006,0.008,0.011,"^PSE","NYSE Arca Tech 100 Index"
"^DJT",0.007,0.014,0.025,1.062,3,-0.011,-0.004,-0.002,-0.001,0,0.004,0.006,0.008,0.013,"^DJT","Dow Jones Transportation Averag"
"^FCHI",0.029,0.018,0.068,0.909,4,-0.011,-0.004,-0.002,0,0,0.003,0.005,0.008,0.01,"^FCHI","CAC 40"
"^N100",0.035,0.016,0.079,0.961,4,-0.009,-0.003,-0.002,0,0.001,0.002,0.004,0.006,0.009,"^N100","EURONEXT 100"
"^BFX",0.027,0.018,0.072,0.957,4,-0.008,-0.005,-0.002,0,0,0.002,0.004,0.006,0.01,"^BFX","BEL 20"
"^OSEAX",0.008,0.015,0.027,1.044,4,-0.009,-0.003,-0.002,0,0.001,0.003,0.005,0.007,0.012,"^OSEAX","Oslo Bors All-share Index_GI"
"^OMXSPI",0.017,0.016,0.043,1.038,4,-0.008,-0.004,-0.001,0,0,0.003,0.005,0.007,0.009,"^OMXSPI","OMX Stockholm_PI"
"^AEX",0.026,0.016,0.067,0.944,4,-0.009,-0.004,-0.002,0,0.001,0.002,0.004,0.006,0.008,"^AEX","AEX-INDEX"
"^SMSI",0.022,0.018,0.053,0.561,4,-0.01,-0.006,-0.003,-0.001,0,0.003,0.004,0.007,0.01,"^SMSI","-"
"^IBEX",0.022,0.018,0.052,0.512,4,-0.011,-0.007,-0.003,-0.001,0,0.003,0.004,0.007,0.011,"^IBEX","IBEX 35"
"^OMX",0.017,0.018,0.041,1.013,4,-0.009,-0.005,-0.002,-0.001,0.001,0.003,0.005,0.009,0.011,"^OMX","OMX Stockholm 30 Index"
"^GDAXI",0.01,0.017,0.029,1.006,5,-0.014,-0.005,-0.002,0,0.001,0.004,0.005,0.008,0.011,"^GDAXI","DAX"
"^SSMI",0.009,0.018,0.032,0.99,5,-0.009,-0.004,-0.002,-0.001,0,0.002,0.004,0.006,0.013,"^SSMI","^SSMI"
"^STOXX",0.014,0.014,0.037,0.985,5,-0.005,-0.002,-0.001,-0.001,-0.001,0.002,0.002,0.005,0.007,"^STOXX","STXE6 EUR P"
"^CXKCX",0.01,0.018,0.029,0.97,5,-0.016,-0.007,-0.004,-0.001,0,0.003,0.006,0.01,0.016,"^CXKCX","DAXSECTCHEMIEUR"
"^FTSE",0.01,0.016,0.035,1.011,5,-0.01,-0.004,-0.003,0,0,0.003,0.005,0.007,0.01,"^FTSE","FTSE 100"
"^STOXX50E",0.014,0.017,0.035,0.895,5,-0.007,-0.004,-0.002,-0.002,0,0.002,0.004,0.005,0.009,"^STOXX50E","ESTX50 EUR P"
"^ATX",0.008,0.018,0.027,0.661,5,-0.011,-0.006,-0.002,0,0.001,0.004,0.005,0.006,0.01,"^ATX","ATX"
"^BSESN",0.016,0.014,0.034,1.06,6,-0.008,-0.005,-0.003,-0.001,0,0.003,0.006,0.008,0.01,"^BSESN","S&P BSE SENSEX"
"^NSEI",0.016,0.014,0.034,1.054,6,-0.008,-0.005,-0.003,-0.001,0,0.003,0.006,0.007,0.01,"^NSEI","NIFTY 50"
"BSE-500.BO",0.014,0.016,0.032,1.004,6,-0.011,-0.005,-0.003,-0.002,0,0.003,0.005,0.007,0.01,"BSE-500.BO","S&P BSE 500 INDEX"
